{
  "name": "Entity Import Widget",
  "icon": "pneumaticcraft:textures/progwidgets/entity_import_piece.png",
  "category": "pneumaticcraft:widget_interact",
  "advancement": "pneumaticcraft:programmer",
  "pages": [
    {
      "type": "text",
      "text": "The $(l:tools/drone)Drone/$ will go to the closest entity in the specified $(l:programming/area)Area/$ that matches an (optional) attached $(l:base_concepts/entity_filter)Entity Filter/$ in a connected $(l:programming/text)Text/$ widget, and pick it up to be transported.$(p)This includes players, although players can easily escape a $(item)Drone/$ by $(thing)sneaking/$ to dismount. Having said that, being carried around by a flying entity you can control has its upsides..."
    },
    {
      "type": "text",
      "title": "Experience Orbs",
      "text": "Drones are also able to import $(thing)Experience Orbs/$ using this widget; the $(item)@orb/$ entity filter will match XP orbs. Imported orbs are converted to $(l:base_concepts/memory_essence)Memory Essence/$ and stored in the drone's internal tank; you can then use the $(l:programming/liquid_export)Liquid Export/$ widget to transfer that to a fluid tank."
    },
    {
      "type": "text",
      "title": "Area Limitations",
      "text": "Keep in mind that any $(l:programming/area)Area/$ widgets connected to this widget must have an area type of $(thing)Box/$; this is the only supported shape. It's possible to create different shapes, though, by using whitelisting/blacklisting of areas."
    },
    {
      "type": "image",
      "images": [
        "pneumaticcraft:textures/progwidgets/entity_import_piece.png"
      ],
      "text": "$(italic)Alien abduction/$"
    }
  ]
}