{
  "name": "Item Assignment Widget",
  "icon": "pneumaticcraft:textures/progwidgets/item_assign_piece.png",
  "category": "pneumaticcraft:widget_other",
  "advancement": "pneumaticcraft:programmer",
  "pages": [
    {
      "type": "text",
      "text": "The $(thing)Item Assignment/$ widget is an advanced widget that allows you to store an item in a $(l:programming/variables)variable/$. Variables may be either coordinates or items; here we are talking about the latter.$(p)See the $(l:programming/coordinate_operator)Coordinate Operator/$ widget for information about coordinate variables and a general explanation about variables."
    },
    {
      "type": "text",
      "text": "To store an item in a given $(thing)variable/$, place an $(l:programming/item_filter)Item Filter/$ widget on the $(italic)right-hand/$ side of the $(thing)Item Assignment/$ widget with the desired item. This item will be assigned to the variable, which you specify by $(thing)right-clicking/$ the $(thing)Item Assignment/$ widget. Only the actual item will be transferred from the filter; filter settings are not.$(p)If you omit the $(thing)Item Filter/$ widget, the drone's held item will be assigned to the variable instead."
    },
    {
      "type": "image",
      "images": [
        "pneumaticcraft:textures/progwidgets/item_assign_piece.png"
      ],
      "text": "$(italic)Item Assignment Widget/$"
    }
  ]
}