{
  "name": "Fluid Filter Widget",
  "icon": "pneumaticcraft:textures/progwidgets/liquid_filter_piece.png",
  "category": "pneumaticcraft:widget_interact",
  "advancement": "pneumaticcraft:programmer",
  "pages": [
    {
      "type": "text",
      "text": "The $(thing)Fluid Filter/$ is a widget solely used as $(thing)parameter/$ for other widgets. You can use it to specify a certain fluid by $(thing)right-clicking/$ the widget and searching/selecting fluids in the resulting search GUI."
    },
    {
      "type": "image",
      "images": [
        "pneumaticcraft:textures/progwidgets/liquid_filter_piece.png"
      ],
      "text": "$(italic)Fluid Filter Widget/$"
    }
  ]
}