{
  "name": "Logistics Widget",
  "icon": "pneumaticcraft:textures/progwidgets/logistics_piece.png",
  "category": "pneumaticcraft:widget_interact",
  "advancement": "pneumaticcraft:programmer",
  "pages": [
    {
      "type": "text",
      "text": "This widget makes the $(l:tools/drone)Drone/$ behave like a $(l:logistics/logistics_drone)Logistics Drone/$, but allows some extra flexibility over the base Logistic Drone functionality:$(li)It can be used with other widgets, e.g. a $(l:programming/standby)Standby/$ widget for more efficient air usage$(li)A custom $(l:programming/area)Area/$ can be defined (a standard Logistics Drone has a 33x33x33 area centered on the drone, which cannot be changed)"
    },
    {
      "type": "image",
      "images": [
        "pneumaticcraft:textures/progwidgets/logistics_piece.png"
      ],
      "text": "$(italic)Logistics Widget/$"
    }
  ]
}