{
  "name": "Place Widget",
  "icon": "pneumaticcraft:textures/progwidgets/place_piece.png",
  "category": "pneumaticcraft:widget_interact",
  "advancement": "pneumaticcraft:programmer",
  "pages": [
    {
      "type": "text",
      "text": "The $(l:tools/drone)Drone/$ will place blocks from its inventory in the world. It will place blocks in the $(l:programming/area)area/$ specified, starting with locations that are closest to it.$(p)You can control the order in which blocks are placed: $(thing)Right-click/$ the widget to specify if the $(item)Drone/$ should place blocks layer by layer, and if so from top to bottom or vice versa."
    },
    {
      "type": "text",
      "title": "Limiting the Place Count",
      "text": "The number of place actions can be limited to a specified amount by $(thing)right-clicking/$ the widget. If set to 1 for example, the $(item)Drone/$ will only place one block, and the widget is considered done after placing that one block.$(p)If no limit is set, the widget is only considered done when unable to place any more blocks."
    },
    {
      "type": "text",
      "title": "Filtering",
      "text": "Finally, you can specify which blocks from the $(item)Drone's/$ inventory may be placed by connecting an $(l:programming/item_filter)Item Filter/$ widget. Connect on the $(italic)right/$ to whitelist items, and on the $(italic)left/$ to blacklist items."
    },
    {
      "type": "image",
      "images": [
        "pneumaticcraft:textures/progwidgets/place_piece.png"
      ],
      "text": "$(italic)Place Widget/$"
    }
  ]
}