{
  "name": "Import RF Widget",
  "icon": "pneumaticcraft:textures/progwidgets/rf_import_piece.png",
  "category": "pneumaticcraft:widget_interact",
  "advancement": "pneumaticcraft:programmer",
  "pages": [
    {
      "type": "text",
      "text": "$(l:tools/drone)Drones/$ have an internal buffer of 100,000 FE (Forge Energy).  Using this widget, you can import energy from an energy-providing block (e.g. a $(item)Thermal Expansion Energy Cell/$ or $(item)Immersive Engineering Capacitor/$) to the drone's internal storage.$(p)$(italic)Despite its name, this widget imports FE (Forge Energy), not RF (Redstone Flux). The name is historical./$"
    },
    {
      "type": "image",
      "images": [
        "pneumaticcraft:textures/progwidgets/rf_import_piece.png"
      ],
      "text": "$(italic)I've got the power/$"
    }
  ]
}