{
  "name": "Void Item Widget",
  "icon": "pneumaticcraft:textures/progwidgets/void_item_piece.png",
  "category": "pneumaticcraft:widget_interact",
  "advancement": "pneumaticcraft:programmer",
  "pages": [
    {
      "type": "text",
      "text": "This will immediately and permanently destroy items in the drone's inventory - beware! It is very strongly recommended to use this in conjunction with an $(l:programming/item_filter)Item Filter/$. With a filter, only items that are allowed by the filter will be voided.$(p)The widget is done executing when none of the applicable items remain in the $(item)Drone's/$ inventory."
    },
    {
      "type": "image",
      "images": [
        "pneumaticcraft:textures/progwidgets/void_item_piece.png"
      ],
      "text": "$(italic)Didn't want it anyway/$"
    }
  ]
}